Daniel,Gonzalez,DG,58,22/05/1966
Alexander,Fisher,AF,19,13/01/2005
John,Martinez,JM,59,22/11/1965
Harper,Davis,HD,62,20/11/1962
Alexander,Wilson,AW,12,03/12/2012
Amy,Anderson,AA,39,09/03/1985
Olivia,Brown,OB,37,12/05/1987
James,Gonzalez,JG,10,06/06/2014
Mujahid,Wilson,MW,77,20/04/1947
Sophia,Anderson,SA,33,02/05/1991
Mujahid,Smith,MS,79,02/10/1945
Mujahid,Johnson,MJ,17,24/04/2007
Alonso,Thomas,AT,38,28/06/1986
Olivia,Peterse,OP,35,17/09/1989
Emma,Thomas,ET,29,18/07/1995
William,Miller,WM,14,24/04/2010
Joseph,Cupido,JC,28,02/01/1996
John,Brown,JB,54,09/06/1970
Mia,Fisher,MF,70,22/08/1954
Alonso,Taylor,AT,51,21/01/1973